{"cameraMode":{"drawMode":0,"name":"Shaded","section":"Shading Mode"},"sceneLighting":false,"audioPlay":false,"sceneViewState":{"showFog":true,"showMaterialUpdate":true,"showSkybox":false,"showFlares":true,"showImageEffects":true,"showParticleSystems":true},"in2DMode":false,"pivot":{"x":-0.003984183073043823,"y":0.23171104490756989,"z":-0.0059119462966918949},"rotation":{"x":0.2163236290216446,"y":-0.7627594470977783,"z":0.31701719760894778,"w":0.5204851627349854},"size":1.6178510189056397,"orthographic":true}