{"cameraMode":{"drawMode":0,"name":"Shaded","section":"Shading Mode"},"sceneLighting":false,"audioPlay":false,"sceneViewState":{"showFog":true,"showMaterialUpdate":true,"showSkybox":false,"showFlares":true,"showImageEffects":true,"showParticleSystems":true},"in2DMode":false,"pivot":{"x":0.0,"y":0.04999997839331627,"z":-14.999999046325684},"rotation":{"x":0.14061704277992249,"y":-0.7822319865226746,"z":0.1909247785806656,"w":0.5761032700538635},"size":53.947933197021487,"orthographic":true}