{"cameraMode":{"drawMode":0,"name":"Shaded","section":"Shading Mode"},"sceneLighting":false,"audioPlay":false,"sceneViewState":{"showFog":true,"showMaterialUpdate":true,"showSkybox":false,"showFlares":true,"showImageEffects":true,"showParticleSystems":true},"in2DMode":false,"pivot":{"x":-0.016977250576019288,"y":0.028850525617599489,"z":0.004005491733551025},"rotation":{"x":0.16496455669403077,"y":-0.8337714672088623,"z":0.346530556678772,"w":0.3969082832336426},"size":2.2017476558685304,"orthographic":true}