{"cameraMode":{"drawMode":0,"name":"Shaded","section":"Shading Mode"},"sceneLighting":false,"audioPlay":false,"sceneViewState":{"showFog":true,"showMaterialUpdate":true,"showSkybox":false,"showFlares":true,"showImageEffects":true,"showParticleSystems":true},"in2DMode":false,"pivot":{"x":-0.0003845393657684326,"y":0.09759847074747086,"z":0.0004524439573287964},"rotation":{"x":0.2041938453912735,"y":-0.7643736600875855,"z":0.2898068428039551,"w":0.5385662913322449},"size":0.5333077311515808,"orthographic":true}