{"cameraMode":{"drawMode":0,"name":"Shaded","section":"Shading Mode"},"sceneLighting":false,"audioPlay":false,"sceneViewState":{"showFog":true,"showMaterialUpdate":true,"showSkybox":false,"showFlares":true,"showImageEffects":true,"showParticleSystems":true},"in2DMode":false,"pivot":{"x":0.0070705413818359379,"y":2.7790188789367677,"z":-0.00759124755859375},"rotation":{"x":0.17049305140972138,"y":-0.7118939161300659,"z":0.1851135641336441,"w":0.6556535959243774},"size":70.03268432617188,"orthographic":true}