{"cameraMode":{"drawMode":0,"name":"Shaded","section":"Shading Mode"},"sceneLighting":false,"audioPlay":false,"sceneViewState":{"showFog":true,"showMaterialUpdate":true,"showSkybox":false,"showFlares":true,"showImageEffects":true,"showParticleSystems":true},"in2DMode":false,"pivot":{"x":-0.0655968189239502,"y":2.7809107303619386,"z":0.09810018539428711},"rotation":{"x":0.17049305140972138,"y":-0.7118939161300659,"z":0.1851135641336441,"w":0.6556535959243774},"size":10.988435745239258,"orthographic":true}