{"cameraMode":{"drawMode":0,"name":"Shaded","section":"Shading Mode"},"sceneLighting":false,"audioPlay":false,"sceneViewState":{"showFog":true,"showMaterialUpdate":true,"showSkybox":false,"showFlares":true,"showImageEffects":true,"showParticleSystems":true},"in2DMode":false,"pivot":{"x":0.007255524396896362,"y":0.17022089660167695,"z":0.0030555129051208498},"rotation":{"x":0.2517299950122833,"y":-0.20285038650035859,"z":0.054046306759119037,"w":0.9447593092918396},"size":0.767184853553772,"orthographic":true}