{"cameraMode":{"drawMode":0,"name":"Shaded","section":"Shading Mode"},"sceneLighting":true,"audioPlay":false,"sceneViewState":{"showFog":true,"showMaterialUpdate":true,"showSkybox":true,"showFlares":true,"showImageEffects":true,"showParticleSystems":true},"in2DMode":false,"pivot":{"x":-17.646865844726564,"y":1.452386498451233,"z":17.631088256835939},"rotation":{"x":0.22881028056144715,"y":-0.5093902945518494,"z":0.14262452721595765,"w":0.8172064423561096},"size":74.296142578125,"orthographic":true}