{"cameraMode":{"drawMode":0,"name":"Shaded","section":"Shading Mode"},"sceneLighting":false,"audioPlay":false,"sceneViewState":{"showFog":true,"showMaterialUpdate":true,"showSkybox":false,"showFlares":true,"showImageEffects":true,"showParticleSystems":true},"in2DMode":false,"pivot":{"x":0.03947359323501587,"y":0.5574359893798828,"z":0.011028647422790528},"rotation":{"x":-0.02000938169658184,"y":-0.9175714254379273,"z":0.39433854818344118,"w":-0.04656434431672096},"size":2.991889238357544,"orthographic":true}