{"cameraMode":{"drawMode":0,"name":"Shaded","section":"Shading Mode"},"sceneLighting":false,"audioPlay":false,"sceneViewState":{"showFog":true,"showMaterialUpdate":true,"showSkybox":false,"showFlares":true,"showImageEffects":true,"showParticleSystems":true},"in2DMode":false,"pivot":{"x":0.0016748309135437012,"y":0.04498400539159775,"z":-0.0013372749090194703},"rotation":{"x":0.3312123119831085,"y":-0.4470535218715668,"z":0.18266601860523225,"w":0.8106023669242859},"size":1.4090725183486939,"orthographic":true}