{"cameraMode":{"drawMode":0,"name":"Shaded","section":"Shading Mode"},"sceneLighting":false,"audioPlay":false,"sceneViewState":{"showFog":true,"showMaterialUpdate":true,"showSkybox":false,"showFlares":true,"showImageEffects":true,"showParticleSystems":true},"in2DMode":false,"pivot":{"x":0.028796732425689698,"y":0.38929101824760439,"z":-0.042423367500305179},"rotation":{"x":0.2163236290216446,"y":-0.7627594470977783,"z":0.31701719760894778,"w":0.5204851627349854},"size":2.3386616706848146,"orthographic":true}