{"cameraMode":{"drawMode":0,"name":"Shaded","section":"Shading Mode"},"sceneLighting":false,"audioPlay":false,"sceneViewState":{"showFog":true,"showMaterialUpdate":true,"showSkybox":false,"showFlares":true,"showImageEffects":true,"showParticleSystems":true},"in2DMode":false,"pivot":{"x":0.02681111916899681,"y":0.1818237602710724,"z":-0.001064583659172058},"rotation":{"x":0.2041938453912735,"y":-0.7643736600875855,"z":0.2898068428039551,"w":0.5385662913322449},"size":0.9216077327728272,"orthographic":true}