{"cameraMode":{"drawMode":0,"name":"Shaded","section":"Shading Mode"},"sceneLighting":false,"audioPlay":false,"sceneViewState":{"showFog":true,"showMaterialUpdate":true,"showSkybox":false,"showFlares":true,"showImageEffects":true,"showParticleSystems":true},"in2DMode":false,"pivot":{"x":0.0006529092788696289,"y":0.0,"z":0.0023095235228538515},"rotation":{"x":-0.02000938169658184,"y":-0.9175714254379273,"z":0.39433854818344118,"w":-0.04656434431672096},"size":0.4238464832305908,"orthographic":true}