{"cameraMode":{"drawMode":0,"name":"Shaded","section":"Shading Mode"},"sceneLighting":false,"audioPlay":false,"sceneViewState":{"showFog":true,"showMaterialUpdate":true,"showSkybox":false,"showFlares":true,"showImageEffects":true,"showParticleSystems":true},"in2DMode":false,"pivot":{"x":-0.04072856903076172,"y":0.4065755307674408,"z":0.0},"rotation":{"x":0.17049305140972138,"y":-0.7118939161300659,"z":0.1851135641336441,"w":0.6556535959243774},"size":1.9675538539886475,"orthographic":true}