{"cameraMode":{"drawMode":0,"name":"Shaded","section":"Shading Mode"},"sceneLighting":false,"audioPlay":false,"sceneViewState":{"showFog":true,"showMaterialUpdate":true,"showSkybox":false,"showFlares":true,"showImageEffects":true,"showParticleSystems":true},"in2DMode":false,"pivot":{"x":0.002009555697441101,"y":0.11494863033294678,"z":0.004820317029953003},"rotation":{"x":0.2517299950122833,"y":-0.20285038650035859,"z":0.054046306759119037,"w":0.9447593092918396},"size":0.5356833338737488,"orthographic":true}