{"cameraMode":{"drawMode":0,"name":"Shaded","section":"Shading Mode"},"sceneLighting":false,"audioPlay":false,"sceneViewState":{"showFog":true,"showMaterialUpdate":true,"showSkybox":false,"showFlares":true,"showImageEffects":true,"showParticleSystems":true},"in2DMode":false,"pivot":{"x":1.5322575569152833,"y":-1.7475340366363526,"z":0.519673228263855},"rotation":{"x":0.21646751463413239,"y":-0.3629387319087982,"z":0.08708801120519638,"w":0.9021269083023071},"size":24.486083984375,"orthographic":true}